{
  "execution_time": 124.67189574241638,
  "wait_times": [
    169.52000000000723,
    324.59999999970483,
    450.41999999959046,
    500.0599999995452,
    544.1799999995051
  ]
}