{
  "test_name": "opt1",
  "execution_time": 979.1503005027771,
  "speedup": 1.003502560335221,
  "wait_times": [
    169.52000000000723,
    324.59999999970483,
    450.41999999959046,
    500.0599999995452,
    544.1799999995051,
    572.799999999479,
    596.4600000007954,
    618.660000013504,
    640.5400000139816,
    662.3400000144575,
    684.2200000149351,
    706.1800000154144,
    728.2400000158959,
    750.3800000163792,
    772.6200000168647
  ],
  "max_wait_time_diff": 0.0,
  "max_relative_diff": 0.0,
  "final_temperatures": {
    "baseplate": 221.00285054012755,
    "table": 165.01757158263533,
    "top_layer": 240.03486104375773
  }
}